day,title,subtitle,daily_copy,number_story,visual_motif
1,"一号先来的人","法语里的 1 一旦有排位就不肯只当 un","1 号很法式的一点，是它一上台就 insist 自己叫 premier。法语对第一名的宠爱明显到连普通的一都不太甘心，只想抢个开场镜头。","法国楼层也有类似脾气: 地面层叫 rez-de-chaussée，所以上去第一层才叫 premier étage。1 在法语世界里经常不是最底下那个，而是那个已经往上走了一步的人。","台阶入口、门牌、微微抬高的一层楼"
2,"二号成双成对","有些数字天生适合坐在左岸咖啡馆里装默契","2 号适合成双出现，不一定是爱情，也可以是两杯咖啡、两句废话、两个谁也不先回消息的人。它不是热烈，是一种巴黎式的并排坐着。","巴黎有家著名咖啡馆叫 Les Deux Magots，名字里就先把 deux 摆出来。法语文化很懂两个人之间那种不必解释的气氛，数字 2 也因此常显得比 1 更会过日子。","双人卡座、并排咖啡杯、左岸窗景"
3,"三号凑够戏剧","法国人对 3 的态度是: 前两次都算彩排","3 号的妙处在于，一件事做两次像巧合，做三次 suddenly 有了文学结构。今天很适合认真迟到第三次，然后假装命运本来就这样安排。","法语里有句很顺口的话: jamais deux sans trois，意思是好事坏事往往到了第三次就成了系列。3 在法国语感里不是数字，是一种‘看吧我就知道’的口气。","三联画、第三只酒杯、幕布前的第三次敲门"
4,"四号平均主义","如果一个蛋糕能四等分，法国人会立刻原谅生活","4 号不像浪漫，更像秩序。它适合把情绪切成四块，把下午茶切成四块，把那些说不清的复杂心情切到刚好能端上桌。","法国有个很诚实的蛋糕叫 quatre-quarts，字面意思就是四个四分之一。黄油、糖、面粉、鸡蛋一人一票，谁也别想多占，这大概是甜点界最和平的数字政治。","四分蛋糕、方格桌布、银叉与瓷盘"
5,"五号暧昧时段","法语把偷来的傍晚都命名好了","5 号最适合发生在下班和晚饭之间。它不是正经安排，也不是彻底放纵，就是那种‘我只是顺路喝一杯’的典型法式借口。","法语里著名的 cinq à sept，字面是五点到七点，实际却常被用来指婚外约会或不太方便解释的傍晚。一个数字能把时间段直接说成风流场景，说明法国人从不浪费语言。","黄昏酒吧、半开的百叶窗、手表停在 17:30"
6,"六号国家轮廓","有些数字天生就长得像地图","6 号的好笑之处在于，别的国家拿国旗做身份，法国偶尔直接拿形状。今天如果你感觉自己有点抽象，完全可以怪给 6。","法国常被昵称为 L'Hexagone，因为本土版图大致像六边形。于是 6 在法语文化里不只是数字，还是一整块地理自我认同，浪漫归浪漫，最后还是得先看地图。","六边形轮廓、旧地图、法兰西蓝白红边线"
7,"七号银幕派","法国人甚至把电影直接登记成第七艺术","7 号天生比别的数字更会摆姿态。它不急着解释，只想在黑暗里等灯灭、等银幕亮、等有人轻咳一声，像一场过度认真却又很迷人的开场。","法语里 cinéma 常被称为 le septième art，第七艺术。能把电影封到这么体面的位置，说明法国人对看电影这件事从来不只是娱乐，更像一场带票根的信仰活动。","老电影院、红丝绒座椅、银幕亮起前一秒"
8,"八号八个女人","法式悬疑里连数字都比别人更会穿戏服","8 号不适合简单，它更适合被安排进一栋大房子、几件皮草、几句漂亮的谎言里。今天最好别太坦白，留一点法式转身空间。","法国电影《8 Femmes》把 8 写得非常华丽: 八个女人，一屋秘密，人人会唱，人人有嫌疑。8 因此在法式审美里很像一枚珠宝盒数字，越对称越危险。","珠宝盒、八盏化妆灯、雪中的大宅"
9,"九号新旧不分","法语里的 neuf 一脚踩在九上，一脚踩在崭新上","9 号最妙的不是形状，而是它自带双重人格。你刚学会 neuf 是九，法国人转头又告诉你 une veste neuve 是一件新外套，像在故意测试你对暧昧的耐受度。","法语里 neuf 既是数字 9，也可以表示‘全新的’。一个词同时管年龄感和新鲜感，难怪法语总能把简单事情讲得像在绕一个小弯。","新皮鞋、数字牌、刚拆封的纸盒"
10,"十号及格主义","在法国 10 分不是优秀，是一种堂堂正正地过关","10 号很法式的一点，是它不追求满分，它追求合法存活。今天适合低空飞过，毕竟能把事情做完，已经比把事情做成诗更难。","法国评分常以 20 为满分，所以 10/20 就是标准及格线。也就是说，10 这个数字在法国教育语境里代表的不是光辉，而是‘行吧，过’，一种相当冷静的宽容。","成绩单、钢笔批注、被圈起的 10/20"
11,"十一号开始变怪","从 11 起，法语数数突然不想继续装规律了","11 号是一个分界点。前面的数字还像在排队，到 onze 这里，法语忽然换了语气，仿佛数到这里已经懒得继续演十进制的乖学生。","从 onze、douze、treize 到 seize，法语把 11 到 16 这一段处理得像一组性格古怪的亲戚。它们不按最省事的方式长大，说明法语的核心美德之一就是不图方便。","折返的走廊、手写数字卡、突然变调的节拍"
12,"十二号钟点派","到了 12，法国人才像终于把一整天摆上桌","12 号有一种很老派的自信，像黄铜钟、午间新闻和一顿不能太快吃完的午餐。它不是冲刺，它是把时间端正地分成几块。","法国流行文化里有《Les Douze Coups de Midi》这样的节目，12 在法语里总带一点钟声和答题感。再加上 douzaine 这类表达，12 看上去像一个天生会组织秩序的数字。","黄铜钟面、正午阳光、排整齐的餐具"
13,"十三号被冤枉","法国人见到 13 的表情像见到一个风评不好的远房亲戚","13 号最大的魅力，就是它本人并没有做错什么，但全世界都先皱一下眉。今天适合替它翻案，做点小小顺利的事，气一气迷信。","法国和许多欧洲地方一样，对 13 保持谨慎的礼貌: 晚宴凑到 13 人会不自在，楼层编号有时也会绕过去。13 的黑历史主要靠气氛维持，本人一直在被动背锅。","缺席的门牌、长餐桌、第十三把空椅子"
14,"十四号半个月","法国人说 quinzaine 的时候，经常把 14 天和 15 天混成一种优雅的模糊","14 号很适合用来吐槽法式时间观。你以为两周就是 14 天，法国人偏说 une quinzaine，字面上是十五来天，实际常常也就半个月上下，精准这件事他们偶尔真的没那么在意。","这正是法语迷人的地方: 它不总想把时间钉死，而更喜欢给你一个带余地的说法。14 在这里像一个被 15 抢了名字的倒霉数字，但也因此很法国。","纸质月历、圈了半个月的红笔、写着 quinzaine 的便签"
15,"十五号国家队","在法国 15 不只是数字，它还会穿球衣","15 号一出来，空气里就有一点草地、泥点和第三排看台的吼声。它不是安静的数字，它适合被喊出来。","法国国家橄榄球队常被称作 le XV de France，直接把罗马数字 15 当队名挂在胸口。能把一个数字说出国家代表队的气势，15 在法国的体育文化里算很有排面。","橄榄球场、蓝色球衣、罗马数字 XV"
16,"十六号高贵无聊","像巴黎十六区: 体面、昂贵、安静得略显刻意","16 号适合穿得很整齐，再说一些没必要那么正式的话。它最法式的部分，不是优雅，而是那种优雅背后轻微无聊的高价感。","巴黎 16 区经常被视为富裕、端庄、保守的代表。于是 16 这个数字一旦带上巴黎语境，就很容易让人联想到好地址、好学校，以及一点点不太好玩的体面。","石灰色外墙、安静大道、考究但寡淡的门厅"
17,"十七号报警键","有些数字天生不该被浪漫化，因为它们先连着警察","17 号不宜胡思乱想太久，它更像随时待命的现实按钮。今天如果有人把 17 说得很诗意，你可以合理怀疑他根本没在法国生活过。","在法国拨打 17 是报警联系 police secours。于是 17 这个数字天然带着一点紧急感，它不是玫瑰，是蓝灯，是那种一下把气氛从小说拉回现实的号码。","电话键盘、蓝色警灯、雨夜街角"
18,"十八号合法犯错","法国承认你成年那一刻，通常也顺便承认你能自己闯祸了","18 号不是成熟，它只是法律终于决定不再替你挡着。它有一种法式成年感: 你可以投票、签字、晚回家，然后自己承担那些很像成长的麻烦。","18 在法国是成年门槛。这个数字的文化意味很直白，不神秘也不抒情，就是一句现实版的 bienvenue: 欢迎进入可以自己做决定，也要自己收拾残局的世界。","身份证、夜色街灯、刚拆开的信封"
19,"十九号开胃酒","法国人真正开始一天的社交，经常不是 19 个人，而是 19 点","19 号最像一种时间表里的轻微松动。白天还没完全结束，晚饭又还没正式开始，于是一切都可以先拿 apéro 充数。","在法国，19h 往往是喝开胃酒、吃几颗橄榄、顺便抱怨工作的一小时。19 这个数字因此很像门缝，不负责高潮，只负责把日常悄悄撬开。","酒杯、橄榄碟、小阳台暮色"
20,"二十号法语旧毛病","一数到 20，法国人就开始把算盘从历史里掏出来","20 号是法语数字体系最著名的古董现场。别的语言到 80 可能直接说八十，法语偏要把四个二十重新组装出来，像在证明自己绝不让学习者轻松毕业。","quatre-vingts 字面就是四个二十，这来自古老的二十进制痕迹。20 在法语里因此不只是一个数字，更是一份还没清完的祖传语言债。","旧算盘、手写价签、木质抽屉里的数字卡"
21,"二十一号多加一个 et","法语只在某些时刻突然变礼貌，21 就是其一","21 号很像一句说到一半还要补个连接词的人。它不肯利落地停在 vingt-un，而要温柔地插一个 et，像给数字也安排了社交润滑剂。","法语里 21 说 vingt et un，31、41、51、61 也是类似结构，但到了 81 和 91 又忽然不这么干了。法语在规则上常常不是统一，而是‘我今天想这样’，21 很能代表这种任性。","墨水连笔、两段句子中间的 et、礼貌但绕远的路径"
22,"二十二号警察来了","法国俚语里 22 甚至会自己长腿跑起来","22 号的氛围不安得很机灵，像你正说闲话，突然有人压低声音说别闹了。它不是恐慌，是一种老派街头机警。","老法语俚语里有句 22, v'là les flics，意思大致是‘警察来了’。一个数字能直接变成预警口号，说明法国人连紧张都要押得顺口。","巷口、压低的帽檐、突然收声的人群"
23,"二十三号艺术影院","这个数字一旦有地址，就会显得像电影学院毕业的","23 号不适合太亮，它适合长镜头、白墙和一些你看完后要装作完全懂了的表情。今天如果想文艺一点，23 会帮你把姿态先搭好。","《23 quai du Commerce, 1080 Bruxelles》是影史上非常有名的一部法语电影，片名本身就像一张冷静到近乎挑衅的门牌。23 因此自带一种艺术院线的冷面气质。","门牌、白墙厨房、漫长静镜"
24,"二十四号耐力赛","有些法式浪漫，最后都会变成一场发动机和黑眼圈的较量","24 号听起来像完整的一天，真正法式一点的联想却是别睡，继续跑。它不是抒情，是持久，是把热爱硬生生熬成传统。","法国最著名的赛车赛事之一就是 24 Heures du Mans，二十四小时勒芒。24 在这里不再是钟表概念，而是拿整整一天去证明谁更快、谁更能撑。","夜跑赛道、车灯拖影、熬到发蓝的天"
25,"二十五号节后困意","在法国，25 常像节日第二天: 东西都得到了，人有点困了","25 号很适合不再高调庆祝，只保留一点纸屑、糖霜和午后的困。它不负责高潮，它负责高潮之后那种舒服又空落的缓冲。","法国的 Noël 在 25 日，但真正热闹往往从 24 日晚上的 réveillon 就开始了。于是 25 这个数字常带着一种节后余温: 礼物拆开了，鹅肝吃完了，人也开始想睡了。","揉皱的包装纸、冬日午后、吃剩一半的甜点"
26,"二十六号字母表后遗症","法国人告诉你字母只有 26 个，但转身又掏出重音和软音","26 号最适合提醒人: 表面上的秩序通常只管入门。你以为字母表终于数完了，法语却笑眯眯地补上 é、è、ê、ç 和一整套发音麻烦。","拉丁字母基本是 26 个没错，但法语从来不满足于干净利落地停在那里。重音符、软音符、连字符一起上，26 在这里像开场白，不像结尾。","字母卡、重音符号、被改过很多遍的拼写本"
27,"二十七号文学沙龙","有些数字一听就像门牌后面藏着一屋子会写信的人","27 号很适合把夜晚过得像一场不太赚钱的文艺聚会。桌上有酒，有烟，有人正在认真评价一本别人其实没读完的书。","巴黎的 27 rue de Fleurus 因为 Gertrude Stein 的文学沙龙而留在文化史里。27 因此带一点左岸式的传奇: 名字很多，结账的人很少，大家却都觉得今晚值得被写进回忆录。","门牌、客厅灯、堆满纸张的沙龙茶几"
28,"二十八号文化频道","像 ARTE 的《28 minutes》: 聪明、克制、略带一点我懂得比你多","28 号适合坐直一点，说话慢一点，用一种礼貌到几乎锋利的方式表达不认同。它不是热闹数字，它是会戴眼镜的数字。","法国观众对《28 minutes》并不陌生，这档节目把 28 变成了一种气质: 有观点、有分寸、偶尔有点冷。28 因此很适合作为日签里的文化型数字。","演播室灯光、眼镜、深色桌面上的提词卡"
29,"二十九号闰日特权","不是每个数字都有资格偶尔多活一天","29 号最大的魅力是不常见。它像一个平时不太露面的角色，一旦出现，整个日历系统都得稍微给它让路。","2 月 29 日是闰日，这让 29 在所有日期里显得格外像‘系统补丁’。法国人不一定会为它写诗，但任何一个被日历冷落过的人都会懂它的稀有感。","额外的一页、淡蓝日历、从缝里多出来的光"
30,"三十号辉煌年代","法国人一说 trente，就容易想起那段什么都显得正在变好的岁月","30 号适合把自己讲得比实际更有历史感一点。哪怕你只是按时下班，也可以用一种‘我正在参与时代’的表情离开办公室。","Les Trente Glorieuses 指的是法国战后大约三十年的经济繁荣期。于是 30 这个数字在法语语境里常带一点集体记忆里的好时候，甚至连怀旧都显得很会包装。","老广告牌、战后公寓、发黄报纸上的繁荣口号"
31,"三十一号盛装出门","法国人把打扮到位这件事，直接缝进了 31 里","31 号适合哪怕没事也要穿得像有事。它不问目的，只问效果: 既然今天多出来一点，就该浪费在漂亮上。","法语里有个常用说法 se mettre sur son trente-et-un，意思是盛装打扮。没有人能准确解释为什么偏偏是 31，但这恰恰很法国: 来源可以模糊，风格必须成立。","晚礼服、镜前最后一次整理、夜色中的出租车门"
